{"camera_matrix": [[2273.1699131020428, 0.0, 1375.0292953928895], [0.0, 2276.389871483626, 723.1075081311196], [0.0, 0.0, 1.0]], "dist_coeffs": [[0.05388930034398418, -0.12069691725549683, -0.006271240482947862, 0.004513598720715979, 0.15149126903575327]], "reprojection_error": 0.08322886908150293}